id,label,center_x,center_y,rotation_degrees,long_axis_angle_degrees,width,height
rect3826-4-6-5-4-3-6-96-4-77-3-56-0-2-8-6-4-8-1-2-4-71-3-82,77-2,617.8315223102285,345.7602806785708,-87.069849,2.9301509999988866,3.3142691,21.368462
rect3826-4-6-5-4-3-6-96-4-77-3-56-0-2-8-6-4-8-1-2-4-71-3-3,77-1,591.9065178305655,344.15951054747967,-86.814376,3.1856239999988816,3.3142691,21.368462
rect3826-4-6-4-7-8-3-9-6-7-4-5-4-9-4-8-8-5-7-7-3-6-0-7-6-3,76-1,524.184548817458,423.2644739061623,-109.09045,-19.090450000003017,3.3142691,21.368462
rect3826-4-6-4-7-8-3-9-6-7-4-5-4-9-4-8-8-5-7-7-3-6-0-7-5-0,76-2,548.0999697041415,416.3678911881371,-103.10774,-13.107740000000945,3.3142691,21.368462
rect3826-4-6-4-7-8-3-9-6-7-4-5-4-9-4-8-8-5-7-7-3-6-0-7-5-6-8,76-3,574.0176299545076,413.4201195480886,-89.781845,0.2181550000001664,3.3142691,21.368462
rect3826-4-6-4-7-8-3-9-6-7-4-5-4-9-4-8-8-5-7-7-3-6-0-7-5-6-5-6,76-4,598.6560589412335,420.9284515213975,-59.109139,30.89086099999855,3.3142691,21.368462
rect3826-4-6-4-7-8-3-9-6-7-4-5-4-9-4-8-8-5-7-7-3-6-0-7-5-6-5-7-2,76-5,619.4569330422635,436.2788401237748,-46.65384900000001,43.34615100000104,3.3142691,21.368462
rect3826-4-6-4-7-8-3-9-6-7-4-5-4-9-4-8-8-5-7-7-3-6-0-7-5-6-5-7-6-9,76-6,638.7560670563233,453.6870076263741,-46.65384900000001,43.34615099999658,3.3142691,21.368462
rect3826-4-6-5-4-3-6-96-4-77-3-56-0-2-8-6-4-8-1-2-4-71-3-31-9-4,75-1,637.0955367361202,366.128270502498,-179.37186000000003,-89.37185999999913,3.3142691,21.368462
rect3826-4-6-5-4-3-6-96-4-77-3-56-0-2-8-6-4-8-1-2-4-71-3-31-9-1,75-2,638.4303599021662,391.6565945474487,174.15317,-95.84682999999882,3.3142691,21.368462
rect3826-4-6-5-4-3-6-96-4-77-3-56-0-2-8-6-4-8-1-2-4-71-3-31-9-6,75-3,643.4359171839303,417.18492792800316,165.59244999999999,-104.40755000000102,3.3142691,21.368462
rect3826-4-6-5-4-3-6-96-4-77-3-56-0-2-8-6-4-8-1-2-4-71-3-31-9-17,75-4,653.0020389629741,441.6009671474441,150.76509,-119.23491000000057,3.3142691,21.368462
rect3826-4-6-5-4-3-6-96-4-77-3-56-0-2-8-6-4-8-1-2-4-71-3-31,74-1,583.8142669763482,357.8969617993196,144.87936000000002,-125.12063999999536,3.3142691,21.368462
rect3826-4-6-5-4-3-6-96-4-77-3-56-0-2-8-6-4-8-1-2-4-71-3-31-9,74-2,598.3303765269769,379.14273984877434,146.44570999999996,-123.55429000000254,3.3142691,21.368462
rect3826-4-6-5-4-3-6-96-4-77-3-56-0-2-8-6-4-8-1-2-4-71-3-31-9-0,74-3,612.902008877598,400.2772855961432,146.44570999999996,-123.55428999999711,3.3142691,21.368462
rect3826-4-6-5-4-3-6-96-4-77-3-56-0-2-8-6-4-8-1-2-4-71-3-31-9-8,74-4,628.0299465093894,422.24612032075083,146.44570999999996,-123.55429000000254,3.3142691,21.368462
rect3826-4-6-5-4-3-6-96-4-77-3-56-0-2-8-6-4-8-1-2-4-71-3-31-9-3,74-5,642.9353945280393,442.9913300777789,143.37122999999997,-126.62876999999793,3.3142691,21.368462
rect3826-5-1-23-0-09-8-4-2-1-2-2-2-4-4-4-1-3-2-2-4-3-9,73-4-2,560.0241826567451,351.2758736201111,48.431658,138.43165800000116,3.3142691,21.368462
rect3826-5-1-2-7-6-6-2-0-8-8-9-6-9-8-7-9-4-5-1-0-8-2-1,73-4-1,555.0209676021869,345.6117044027287,48.431658,138.43165799999872,3.3142691,21.368462
rect3826-5-1-23-0-09-8-4-2-1-2-2-2-4-4-4-1-3-2-2-4-3-9-6,73-3-2,541.1991287414062,367.8937971772146,45.233114,135.23311400000352,3.3142691,21.368462
rect3826-5-1-2-7-6-6-2-0-8-8-9-6-9-8-7-9-4-5-1-0-8-2-1-0,73-3-1,535.8876690465922,362.51761175298793,45.233114,135.23311399999898,3.3142691,21.368462
rect3826-5-1-23-0-09-8-4-2-1-2-2-2-4-4-4-1-3-2-2-4-3-9-5,73-2-2,524.1558483393791,386.7762261651191,40.243314999999996,130.24331499999778,3.3142691,21.368462
rect3826-5-1-2-7-6-6-2-0-8-8-9-6-9-8-7-9-4-5-1-0-8-2-1-5,73-2-1,518.3969022533104,381.8824021385678,40.243314999999996,130.24331499999778,3.3142691,21.368462
rect3826-5-1-23-0-09-8-4-2-1-2-2-2-4-4-4-1-3-2-2-4-3-9-50,73-1-2,511.4890808224804,408.0745643338619,22.476484,112.47648399999844,3.3142691,21.368462
rect3826-5-1-2-7-6-6-2-0-8-8-9-6-9-8-7-9-4-5-1-0-8-2-1-8,73-1-1,504.51147406773174,405.1714664745077,22.476484,112.47648400000094,3.3142691,21.368462
rect3826-4-6-5-4-3-6-96-4-77-3-56-0-2-8-6-4-8-1-2-4-71-3-24,72-1,637.0398995091889,310.8447786507617,-54.959697000000006,35.04030300000281,3.3142691,21.368462
rect3826-4-6-5-4-3-6-96-4-77-3-56-0-2-8-6-4-8-1-2-4-71-3-60,72-2,645.2156605517911,328.7535297130321,-145.46022,-55.46022000000272,3.3142691,21.368462
rect3826-5-1-23-0-09-8-4-2-1-2-2-2-4-4-4-1-3-2-2-4,71-2-2,608.129480513323,311.33007422664866,49.234808999999984,139.23480899999987,3.3142691,21.368462
rect3826-5-1-2-7-6-6-2-0-8-8-9-6-9-8-7-9-4-5-1-0-8,71-2-1,603.2061385223175,305.5963295259053,49.234808999999984,139.23480899999743,3.3142691,21.368462
rect3826-5-1-23-0-09-8-4-2-1-2-2-2-4-4-4-1-3-2-2-4-3,71-1-2,587.8096472056801,328.96910684101294,49.234808999999984,139.23480899999493,3.3142691,21.368462
rect3826-5-1-2-7-6-6-2-0-8-8-9-6-9-8-7-9-4-5-1-0-8-2,71-1-1,582.8863117442804,323.2353697141885,49.234808999999984,139.23480899999743,3.3142691,21.368462
rect3826-4-6-5-4-3-6-96-4-77-3-56-0-2-8-6-4-8-1-2-4-26-2-3-30-3-9-1-2-78-0-2-1-4-2-7-0,70-1,554.7513262361753,323.8998802649223,126.99689999999998,-143.00310000000172,3.3142691,21.368462
rect3826-4-6-5-4-3-6-96-4-77-3-56-0-2-8-6-4-8-1-2-4-26-2-3-30-3-9-1-2-78-0-2-1-4-2,69-1,475.23146365719066,340.3387141914083,88.706365,178.70636499999893,3.3142691,21.368462
rect3826-4-6-5-4-3-6-96-4-77-3-56-0-2-8-6-4-8-1-2-4-26-2-3-30-3-9-1-2-78-0-2-1-4-2-7,69-2,500.32230928206064,334.9901730318332,68.02291,158.0229099999994,3.3142691,21.368462
rect3826-4-6-5-4-3-6-96-4-77-3-56-0-2-8-6-4-8-1-2-4-26-2-3-30-3-9-1-2-78-0-2-1-4-2-7-2,69-3,522.2669416103676,322.1694918754541,51.879321000000004,141.87932099999693,3.3142691,21.368462
rect3826-5-1-23-0-09-8-4-2-1-2-2-2-4-4-4-1-3-2,68-2-2,653.5739399643699,267.87867774597777,43.564997000000005,133.5649970000058,3.3142691,21.368462
rect3826-5-1-2-7-6-6-2-0-8-8-9-6-9-8-7-9-4-5-1,68-2-1,648.1082234312707,262.6593946261605,43.564997000000005,133.56499699999415,3.3142691,21.368462
rect3826-5-1-23-0-09-8-4-2-1-2-2-2-4-4-4-1-3-2-2,68-1-2,635.1163654193452,287.0249343688313,43.564997000000005,133.56499700000109,3.3142691,21.368462
rect3826-5-1-2-7-6-6-2-0-8-8-9-6-9-8-7-9-4-5-1-0,68-1-1,629.6506416403159,281.805644357244,43.564997000000005,133.56499699999887,3.3142691,21.368462
rect3826-4-6-5-4-3-6-96-4-77-3-56-0-2-8-6-4-8-1-2-4-71-3-1,67-1,550.8332104766351,299.27641151415173,-127.14601,-37.146009999999166,3.3142691,21.368462
rect3826-4-6-5-4-3-6-96-4-77-3-56-0-2-8-6-4-8-1-2-4-71-3-66,67-2,575.0823001816213,290.54450739480916,-91.06237,-1.062369999999106,3.3142691,21.368462
rect3826-4-6-5-4-3-6-96-4-77-3-56-0-2-8-6-4-8-1-2-4-71-3-7,67-3,600.5550240245753,290.43325836883895,-88.671846,1.3281540000009784,3.3142691,21.368462
rect3826-4-6-5-4-3-6-96-4-77-3-56-0-2-8-6-4-8-1-2-4-26-2-3-30,66-1,493.400710908693,290.8649532035217,114.86133000000001,-155.1386700000004,3.3142691,21.368462
rect3826-4-6-5-4-3-6-96-4-77-3-56-0-2-8-6-4-8-1-2-4-26-2-3-30-3,66-2,516.6038098071887,301.4833152351532,114.86133000000001,-155.1386700000004,3.3142691,21.368462
rect3826-5-1-23-0-09-8-4-2-1-2-2-2-4-4-4-1,65-2-2,666.3022697609538,204.74032414582678,-0.8978468100000043,89.10215318999894,3.3142691,21.368462
rect3826-5-1-2-7-6-6-2-0-8-8-9-6-9-8-7-9-4,65-2-1,658.7455324438138,204.84373896460343,-0.8978468100000043,89.10215318999894,3.3142691,21.368462
rect3826-5-1-23-0-09-8-4-2-1-2-2-2-4-4-4-1-3,65-1-2,666.9945312723058,230.878375762885,-0.8978468100000043,89.10215318999894,3.3142691,21.368462
rect3826-5-1-2-7-6-6-2-0-8-8-9-6-9-8-7-9-4-5,65-1-1,659.4377839563934,230.98179073835908,-0.8978468100000043,89.10215319000548,3.3142691,21.368462
rect3826-4-6-5-4-3-6-96-4-77-3-56-0-2-8-6-4-8-1-2-4,64-1,620.9665016394058,227.75264266794062,119.34072000000003,-150.6592799999977,3.3142691,21.368462
rect3826-4-6-5-4-3-6-96-4-77-3-56-0-2-8-6-4-8-1-2-4-7,64-2,643.9364532999765,241.1563708692152,119.34072000000003,-150.6592800000009,3.3142691,21.368462
rect3826-4-6-5-4-3-6-96-4-77-3-56-0-2-8-6-4-8-1-2-4-71,63-2,605.5229296815364,242.92486868225774,166.43508000000003,-103.56492000000348,3.3142691,21.368462
rect3826-4-6-5-4-3-6-96-4-77-3-56-0-2-8-6-4-8-1-2-4-2,63-1,611.7366294873482,268.9202801440986,166.43162,-103.56838000000505,3.3142691,21.368462
rect3826-4-6-5-4-3-6-96-4-77-3-56-0-2-8-6-4-8-1-2-4-71-3-8,62-1,538.152456796555,291.49000511646534,-164.32281,-74.32280999999556,3.3142691,21.368462
rect3826-4-6-5-4-3-6-96-4-77-3-56-0-2-8-6-4-8-1-2-4-71-3,62-4,588.9310251732751,236.0952311814857,-145.46022,-55.460220000000874,3.3142691,21.368462
rect3826-4-6-5-4-3-6-96-4-77-3-56-0-2-8-6-4-8-1-2-4-71-3-6,62-3,570.076775514085,253.33652535613112,-120.88308,-30.883080000001144,3.3142691,21.368462
rect3826-4-6-5-4-3-6-96-4-77-3-56-0-2-8-6-4-8-1-2-4-71-3-2,62-2,550.7219853134136,269.2430516663832,-137.07552,-47.075520000001376,3.3142691,21.368462
rect3826-4-6-5-4-3-6-96-4-77-3-56-0-2-8-6-4-8-1-2-4-26-2-3-3,61-2,514.5151406944738,260.0662550894983,62.39517599999999,152.39517599999692,3.3142691,21.368462
rect3826-4-6-5-4-3-6-96-4-77-3-56-0-2-8-6-4-8-1-2-4-26-2-3-8,61-3,536.7620565580132,249.27649243682185,63.807038000000006,153.80703800000208,3.3142691,21.368462
rect3826-4-6-5-4-3-6-96-4-77-3-56-0-2-8-6-4-8-1-2-4-26-2-3-6,61-4,558.9612177092957,238.30638583373673,63.49823000000001,153.49823000000174,3.3142691,21.368462
rect3826-4-6-5-4-3-6-96-4-77-3-56-0-2-8-6-4-8-1-2-4-26-2-3-2,61-5,580.622617202782,227.26555423634218,62.15673000000001,152.15672999999833,3.3142691,21.368462
rect3826-4-6-5-4-3-6-96-4-77-3-56-0-2-8-6-4-8-1-2-4-26-2-3,61-1,491.3783393694715,272.0239571043792,62.15673000000001,152.15672999999975,3.3142691,21.368462
rect3826-5-1-23-0-09-8-4-2-1-2-2-2-4-4-4,60-1-2,619.8943662703418,208.47354919311,60.60428300000001,150.60428300000012,3.3142691,21.368462
rect3826-5-1-23-0-09-8-4-2-1-2-2-2-4-4-4-0,60-2-2,642.8050516045754,196.07846962767218,60.60428300000001,150.6042829999983,3.3142691,21.368462
rect3826-5-1-2-7-6-6-2-0-8-8-9-6-9-8-7-9-2,60-2-1,639.1086505107496,189.48668743629455,60.60428300000001,150.60428300000012,3.3142691,21.368462
rect3826-5-1-2-7-6-6-2-0-8-8-9-6-9-8-7-9,60-1-1,616.197973889021,201.88176209334608,60.60428300000001,150.60428300000012,3.3142691,21.368462
rect3826-5-1-23-0-09-8-4-2-1-2-2-2-4,59-1-2,526.6840567877464,215.98665553202278,76.42539699999998,166.42539700000003,3.3142691,21.368462
rect3826-5-1-2-7-6-6-2-0-8-8-9-6-9-8,59-1-1,524.9248335877907,208.6368183067682,76.42539699999998,166.42539700000003,3.3142691,21.368462
rect3826-5-1-23-0-09-8-4-2-1-2-2-2-4-8,59-2-2,551.2869409329958,212.58472478975446,87.21533399999998,177.21533399999936,3.3142691,21.368462
rect3826-5-1-2-7-6-6-2-0-8-8-9-6-9-8-2,59-2-1,550.9347746774038,205.03548956799708,87.21533399999998,177.21533399999936,3.3142691,21.368462
rect3826-5-1-23-0-09-8-4-2-1-2-2-2-4-4,59-3-2,576.7486344846656,213.36151130567546,95.399273,-174.6007269999993,3.3142691,21.368462
rect3826-5-1-2-7-6-6-2-0-8-8-9-6-9-8-7,59-3-1,577.4746994107369,205.83902479999605,95.399273,-174.60072700000092,3.3142691,21.368462
rect3826-5-1-23-0-09-8-4-2-1-2-2-2-4-4-4-1-8,58-1-2,676.6063923597508,170.50568097392122,40.26254900000001,130.26254899999935,3.3142691,21.368462
rect3826-5-1-2-7-6-6-2-0-8-8-9-6-9-8-7-9-4-1,58-1-1,670.8490933161177,165.6099193858248,40.26254900000001,130.26254899999935,3.3142691,21.368462
rect3826-5-1-23-0-09-8-4-2-1-2-2-2-4-4-4-1-8-4,58-2-2,693.151967377318,150.08267382414382,40.26254900000001,130.26254900000333,3.3142691,21.368462
rect3826-5-1-2-7-6-6-2-0-8-8-9-6-9-8-7-9-4-1-0,58-2-1,687.3946618707735,145.18691986695669,40.26254900000001,130.26254899999935,3.3142691,21.368462
rect3826-4-6-5-4-3-6-96-4-77-3-56-0-2-8-6-4-8-1-2-2,57-3,651.6116332610756,109.73286332380054,-179.16521000000003,-89.16521000000098,3.3142691,21.368462
rect3826-4-6-5-4-3-6-96-4-77-3-56-0-2-8-6-4-8-1-2-6,57-2,651.7228708554619,135.98417866830786,177.92307,-92.07693000000214,3.3142691,21.368462
rect3826-4-6-5-4-3-6-96-4-77-3-56-0-2-8-6-4-8-1-2-7,57-1,654.3369077246709,162.23550664970622,171.39493000000004,-98.6050699999957,3.3142691,21.368462
rect3826-4-6-5-4-3-6-96-4-77-3-56-0-2-8-6-4-8-1-2,56-2,591.322519858862,168.85398527134114,172.55854,-97.44146000000268,3.3142691,21.368462
rect3826-4-6-5-4-3-6-96-4-77-3-56-0-2-8-6-4-8-1-2-8,56-1,595.2157121962867,195.1609103663863,172.55854,-97.44146000000246,3.3142691,21.368462
rect3826-5-1-23-0-09-8-4-2-1-2-2-2-4-4-4-1-8-3,55-2-2,685.5167206598503,122.12314649487814,133.97127999999998,-136.02872000000366,3.3142691,21.368462
rect3826-5-1-2-7-6-6-2-0-8-8-9-6-9-8-7-9-4-1-06,55-2-1,690.7746366994595,116.69458381902001,133.97127999999998,-136.02872000000366,3.3142691,21.368462
rect3826-5-1-23-0-09-8-4-2-1-2-2-2-4-4-4-1-8-3-9,55-1-2,666.7221797896502,104.17880366525128,133.97127999999998,-136.02871999999914,3.3142691,21.368462
rect3826-5-1-2-7-6-6-2-0-8-8-9-6-9-8-7-9-4-1-06-7,55-1-1,671.9800955753574,98.75022684953694,133.97127999999998,-136.02871999999914,3.3142691,21.368462
rect3826-4-6-5-4-3-6-96-4-77-3,54-3,633.8697088666381,96.82961524179692,-114.42226,-24.42225999999863,3.3142691,21.368462
rect3826-4-6-5-4-3-6-96-4-77-3-5,54-2,611.0110524044596,109.9552772501294,-128.78901,-38.789009999999564,3.3142691,21.368462
rect3826-4-6-5-4-3-6-96-4-77-3-56,54-1,595.0488416472011,130.36684956202657,-155.97294,-65.97293999999779,3.3142691,21.368462
rect3826-4-6-5-4-3-6-96-4-77-5,53-1,530.9841105007574,113.68774189565971,-130.80004,-40.80004000000051,3.3142691,21.368462
rect3826-4-6-5-4-3-6-96-4-77-1,53-2,553.2247483624751,99.38800610207878,-116.57689000000002,-26.576890000000816,3.3142691,21.368462
rect3826-4-6-5-4-3-6-96-4-77-79,53-3,577.5294398846661,90.09999429526871,-106.07682,-16.0768199999998,3.3142691,21.368462
rect3826-4-6-5-4-3-6-96-4-77-56,53-4,603.0578023711023,84.42696741830834,-98.04398,-8.043980000000175,3.3142691,21.368462
rect3826-4-6-5-4-3-6-96-4-77-9,53-5,629.031052167737,83.53708434041735,-85.790432,4.209567999999166,3.3142691,21.368462
rect3826-4-6-5-4-3-6-96-4-77-3-56-0,52-1,539.5428998494821,134.03755733464266,-77.347441,12.652558999998632,3.3142691,21.368462
rect3826-4-6-5-4-3-6-96-4-77-3-56-0-9,52-2,564.6262469113333,140.32230443655672,-77.347441,12.652558999998632,3.3142691,21.368462
rect3826-4-6-5-4-3-6-96-4-77-3-56-0-2-8-6-4,51-1,511.1224573735773,200.27770411254355,-152.52117,-62.52117000000078,3.3142691,21.368462
rect3826-4-6-5-4-3-6-96-4-77-3-56-0-2-8-6-4-8,51-2,528.1413733515602,181.59027032746587,-120.99801999999998,-30.99802000000156,3.3142691,21.368462
rect3826-4-6-5-4-3-6-96-4-77-3-56-0-2-8-6-4-8-1,51-3,552.446091569886,172.9696490833482,-98.385831,-8.385831000001644,3.3142691,21.368462
rect3826-4-6-5-4-3-6-96-4-77-3-56-0-2-8-6-4-8-1-8,51-4,575.5272905093489,162.23546272587058,-132.58504,-42.58503999999988,3.3142691,21.368462
rect3826-5-1-23-0-09-8-4-2-1-2-2,50-1-2,484.38880612222476,260.5968382263444,32.900664000000006,122.90066400000148,3.3142691,21.368462
rect3826-5-1-2-7-6-6-2-0-8-8-9-6,50-1-1,478.05164125311103,256.47915500919476,32.900664000000006,122.90066400000421,3.3142691,21.368462
rect3826-5-1-23-0-09-8-4-2-1-2-2-2,50-2-2,498.0637202379795,239.20265209650887,32.900664000000006,122.90066399999972,3.3142691,21.368462
rect3826-5-1-2-7-6-6-2-0-8-8-9-6-9,50-2-1,491.7265469727301,235.0849634475174,32.900664000000006,122.90066399999972,3.3142691,21.368462
rect3826-4-6-5-4-3-6-96-4-77-3-56-0-2-8-6-4-8-1-2-4-26-2-3-30-3-9,49-2,468.78182784801305,297.86523251003814,-166.75636,-76.75636000000125,3.3142691,21.368462
rect3826-4-6-5-4-3-6-96-4-77-3-56-0-2-8-6-4-8-1-2-4-26-2-3-30-3-9-6,49-1,462.25344025150844,322.72007093297515,-166.75636,-76.75636000000125,3.3142691,21.368462
rect3826-4-6-5-4-3-6-96-4-77-3-56-0-2-8-6-4-8-1-2-4-26-2-3-30-3-9-1-2-78-0-2-1-4-2-7-07,48-1,466.4614569647997,359.0192036083786,152.16156999999998,-117.83843000000242,3.3142691,21.368462
rect3826-4-6-5-4-3-6-96-4-77-3-56-0-2-8-6-4-8-1-2-4-26-2-3-30-3-9-1-2-78-0-2-1-4-2-7-6,48-2,477.8663669685289,382.26169482145485,154.68926,-115.31074000000082,3.3142691,21.368462
rect3826-4-6-5-4-3-6-96-4-77-3-56-0-2-8-6-4-8-1-2-4-26-2-3-30-3-9-1-2-78-0-2-1-4-2-7-1,48-3,489.0747099255597,405.8974136234867,155.23474,-114.7652600000003,3.3142691,21.368462
rect3826-4-6-4-7-8-3-9-6-7-4-5-4-9-4-8-8-5-7-7-3-6-0-8,47-1,453.28054375558844,427.2516322701395,-91.775934,-1.7759340000005466,3.3142691,21.368462
rect3826-4-6-4-7-8-3-9-6-7-4-5-4-9-4-8-8-5-7-7-3-6-0-7,47-2,478.58640151197,426.0837258935862,-91.7786,-1.77860000000004,3.3142691,21.368462
rect3826-4-6-5-4-3-6-96-4-77-3-56-0-2-8-6-4-8-1-2-4-26-2-3-30-3-9-1-2-78-0-2-1-4-2-7-7,46-2,441.4099667854619,358.7439044833824,40.74197000000001,130.74197000000004,3.3142691,21.368462
rect3826-4-6-5-4-3-6-96-4-77-3-56-0-2-8-6-4-8-1-2-4-26-2-3-30-3-9-1-2-78-0-2-1-4-2-7-7-8,46-1,424.81383368630395,378.17161926296825,40.74197000000001,130.74196999999754,3.3142691,21.368462
rect3826-4-6-5-4-3-6-96-4-77-3-56-0-2-8-6-4-8-1-2-4-26-2-3-30-3-9-5,45-2,439.36495636258036,338.21501406654954,95.10097999999999,-174.8990199999987,3.3142691,21.368462
rect3826-4-6-5-4-3-6-96-4-77-3-56-0-2-8-6-4-8-1-2-4-26-2-3-30-3-9-1,45-1,414.1954256674203,335.7767624293132,-84.900135,5.099864999999738,3.3142691,21.368462
rect3826-5-1-23-0-09-8-4-2-1,44-1-2,430.7076384031605,278.88806703057514,91.77629300000001,-178.22370699999738,3.3142691,21.368462
rect3826-5-1-2-7-6-6-2-0-8-8,44-1-1,430.9569096998345,271.3347541594467,91.77629300000001,-178.22370700000076,3.3142691,21.368462
rect3826-5-1-23-0-09-8-4-2-1-2,44-2-2,455.6004724942307,279.8545294848148,91.77629300000001,-178.22370700000076,3.3142691,21.368462
rect3826-5-1-2-7-6-6-2-0-8-8-9,44-2-1,455.8497344156538,272.30119631332497,91.77629300000001,-178.22370700000076,3.3142691,21.368462
rect3826-4-6-5-4-3-6-96-4-77-3-56-0-2-8-6-4-8-1-2-4-26-9,43-1,415.36407921823934,230.06965870639917,63.31013899999999,153.31013900000016,3.3142691,21.368462
rect3826-4-6-5-4-3-6-96-4-77-3-56-0-2-8-6-4-8-1-2-4-26-5,43-2,436.95281853081303,217.90599815658814,56.363279000000006,146.3632789999981,3.3142691,21.368462
rect3826-4-6-5-4-3-6-96-4-77-3-56-0-2-8-6-4-8-1-2-4-26-3,43-3,460.59134120725565,212.25553063229984,95.72396100000003,-174.27603900000062,3.3142691,21.368462
rect3826-4-6-5-4-3-6-96-4-77-3-56-0-2-8-6-4-8-1-2-4-26-2,43-4,485.12203867034685,216.6276100026268,99.99087099999997,-170.00912900000077,3.3142691,21.368462
rect3826-4-6-5-4-3-6-96-4-77-3-56-0-2-8-6,42-1,439.43187498428074,184.56583524781513,-55.73131000000001,34.26868999999783,3.3142691,21.368462
rect3826-4-6-5-4-3-6-96-4-77-3-56-0-2-8-6-0,42-2,461.34503581339385,196.71819960411347,-63.548068,26.451931999998834,3.3142691,21.368462
rect3826-4-6-5-4-3-6-96-4-77-3-56-0-2-8-6-06,42-3,484.4818342370394,206.47901826157144,-70.340363,19.659636999999748,3.3142691,21.368462
rect3826-4-6-5-4-3-6-96-4-77-3-56-0-2,41-6,569.4649845466356,151.16767658580852,-97.578686,-7.578685999999067,3.3142691,21.368462
rect3826-4-6-5-4-3-6-96-4-77-3-56-0-2-3,41-5,543.5823800832586,155.10700376927218,-97.578686,-7.578686000000687,3.3142691,21.368462
rect3826-4-6-5-4-3-6-96-4-77-3-56-0-2-9,41-4,517.862301567227,158.7251199033625,-97.578686,-7.578686000000687,3.3142691,21.368462
rect3826-4-6-5-4-3-6-96-4-77-3-56-0-2-38,41-3,492.3388765321617,162.50053392085815,-97.578686,-7.578686000000687,3.3142691,21.368462
rect3826-4-6-5-4-3-6-96-4-77-3-56-0-2-1,41-2,466.5794683397439,166.4332654222708,-97.578686,-7.578686000000687,3.3142691,21.368462
rect3826-4-6-5-4-3-6-96-4-77-3-56-0-2-8,41-1,442.1178457440892,169.89407261774593,-97.578686,-7.5786860000002605,3.3142691,21.368462
rect3826-4-6-5-4-3-6-96-4-77,40-1,446.5508901412454,157.61926005567156,-115.86208,-25.862079999999168,3.3142691,21.368462
rect3826-4-6-5-4-3-6-96-4-77-7,40-2,469.5207810672287,147.21884792067814,-113.14935,-23.149350000000766,3.3142691,21.368462
rect3826-4-6-5-4-3-6-96-4-77-2,40-3,493.26934343234973,137.20774653539817,-113.10438,-23.104379999998912,3.3142691,21.368462
rect3826-4-6-5-4-3-6-96,39-1,373.13609526099526,88.6538837512849,-75.009223,14.990776999999781,3.3142691,21.368462
rect3826-4-6-5-4-3-6-96-4,39-2,397.4408401999333,95.38357888999728,-75.009223,14.990777000000634,3.3142691,21.368462
rect3826-4-6-5-4-3-6-96-4-5,39-3,422.1348941382509,101.77955932492846,-75.009223,14.990776999999014,3.3142691,21.368462
rect3826-4-6-5-4-3-6-96-4-7,39-4,447.32950766132905,108.39801300762124,-75.009223,14.990776999999781,3.3142691,21.368462
rect3826-4-6-5-4-3-6-96-4-9,39-5,471.41177860993076,114.62714531674465,-75.009223,14.990776999999781,3.3142691,21.368462
rect3826-4-6-5-4-3-6-96-4-6,39-6,496.4951273039527,120.80065114480716,-75.009223,14.990777000000634,3.3142691,21.368462
rect3826-4-6-5-4-3-6-9,38-2,381.08184511742445,120.0270084267706,-39.165167,50.83483300000054,3.3142691,21.368462
rect3826-4-6-5-4-3-6-0,38-3,396.57680799403124,138.90412912544383,-39.165167,50.83483300000054,3.3142691,21.368462
rect3826-4-6-5-4-3-6-05,38-4,412.4650616657423,158.96107737511178,-39.165167,50.83483300000054,3.3142691,21.368462
rect3826-4-6-5-4-3-6,38-1,364.9861693077263,99.6986515374596,-39.165167,50.83483300000054,3.3142691,21.368462
rect3826-5-1-23-0-09-8-4-2-1-2-2-2-4-4-4-1-8-3-94,37-2-2,412.3127277374616,189.96502306056965,-156.59434,-66.59434000000171,3.3142691,21.368462
rect3826-5-1-2-7-6-6-2-0-8-8-9-6-9-8-7-9-4-1-06-2,37-2-1,419.24234536571765,192.98090172023274,-156.59434,-66.59433999999872,3.3142691,21.368462
rect3826-5-1-23-0-09-8-4-2-1-2-2-2-4-4-4-1-8-3-94-4,37-1-2,402.1572751923315,214.1631405087224,-156.59434,-66.59433999999872,3.3142691,21.368462
rect3826-5-1-2-7-6-6-2-0-8-8-9-6-9-8-7-9-4-1-06-2-3,37-1-1,409.0868836434336,217.17901519600002,-156.59434,-66.59433999999936,3.3142691,21.368462
rect3826-5-1-23-0-09-8-4-2-1-2-2-2-4-4-4-1-8-3-94-5-2,36-1-2,400.91519908687485,255.24566786002373,157.89909,-112.10090999999788,3.3142691,21.368462
rect3826-5-1-2-7-6-6-2-0-8-8-9-6-9-8-7-9-4-1-06-2-6-0,36-1-1,407.9229765453522,252.4161752204401,157.89909,-112.10090999999788,3.3142691,21.368462
rect3826-5-1-23-0-09-8-4-2-1-2-2-2-4-4-4-1-8-3-94-5,35-2-2,403.24099043169593,290.6743835948599,-164.43669,-74.43669000000189,3.3142691,21.368462
rect3826-5-1-2-7-6-6-2-0-8-8-9-6-9-8-7-9-4-1-06-2-6,35-2-1,410.5172968220701,292.7165243388832,-164.43669,-74.43668999999875,3.3142691,21.368462
rect3826-5-1-23-0-09-8-4-2-1-2-2-2-4-4-4-1-8-3-94-58,35-1-2,396.29747542752,315.11052553477185,-164.4683,-74.46829999999912,3.3142691,21.368462
rect3826-5-1-2-7-6-6-2-0-8-8-9-6-9-8-7-9-4-1-06-2-5,35-1-1,403.5749143137389,317.1486639528755,-164.4683,-74.46830000000226,3.3142691,21.368462
rect3826-5-1-23-0-09-8-4-2-1-2-2-2-4-4-4-1-8-3-94-9,34-2-2,396.33156044934253,351.97800842496224,175.54372999999998,-94.45626999999982,3.3142691,21.368462
rect3826-5-1-2-7-6-6-2-0-8-8-9-6-9-8-7-9-4-1-06-2-0,34-2-1,403.86731999804897,351.4057736149589,175.54372999999998,-94.45627000000007,3.3142691,21.368462
rect3826-5-1-23-0-09-8-4-2-1-2-2-2-4-4-4-1-8-3-94-3,34-1-2,398.71239440910693,378.63766496861797,174.62797,-95.37203000000002,3.3142691,21.368462
rect3826-5-1-2-7-6-6-2-0-8-8-9-6-9-8-7-9-4-1-06-2-2,34-1-1,406.2380467275608,377.945074082344,174.62797,-95.37202999999971,3.3142691,21.368462
rect3826-5-1-23-0-09-8-4-2-1-2-2-2-4-4-4-1-8-3-94-2,33-1-2,416.9979055569398,416.5292193368997,138.04773,-131.9522700000031,3.3142691,21.368462
rect3826-5-1-2-7-6-6-2-0-8-8-9-6-9-8-7-9-4-1-06-2-4,33-1-1,422.62841857053303,411.48815227047294,138.04773,-131.9522699999985,3.3142691,21.368462
rect3826-4-6-4-7-8-3-9-6-7-4-5-4-9-4-8-8-5-7,32-1,294.60454888146,420.8000675923838,-57.870175,32.1298250000022,3.3142691,21.368462
rect3826-4-6-4-7-8-3-9-6-7-4-5-4-9-4-8-8-5-7-7,32-2,316.5177229758469,432.98024697448136,-64.042673,25.957327000001214,3.3142691,21.368462
rect3826-4-6-4-7-8-3-9-6-7-4-5-4-9-4-8-8-5-7-7-3,32-3,339.9882139050483,441.1003700291763,-77.140651,12.859348999999156,3.3142691,21.368462
rect3826-4-6-4-7-8-3-9-6-7-4-5-4-9-4-8-8-5-7-7-3-6,32-4,365.2384628685996,444.2705387845967,-88.12899300000001,1.8710070000001622,3.3142691,21.368462
rect3826-4-6-4-7-8-3-9-6-7-4-5-4-9-4-8-8-5-7-7-3-6-0,32-5,390.2105785176423,442.43520324489566,-102.29065,-12.290649999999602,3.3142691,21.368462
rect3826-4-6-4-7-8-3-9-6-7-4-5-4-9-4-8-8-5-7-7-3-6-0-0,32-6,414.7933875768178,435.7054615472725,-109.72241,-19.722410000000252,3.3142691,21.368462
rect3826-4-6-5-4-3-6-96-4-77-3-56-0-2-8-6-4-8-1-2-4-26-2-3-30-3-9-1-2-78-0-2-1-4-2-7-7-4-80,31-1,310.0566818406739,409.6334721215952,86.57134300000001,176.57134300000132,3.3142691,21.368462
rect3826-4-6-5-4-3-6-96-4-77-3-56-0-2-8-6-4-8-1-2-4-26-2-3-30-3-9-1-2-78-0-2-1-4-2-7-7-4-80-0,31-2,334.91155470765085,407.74575148039435,86.57134300000001,176.57134299999825,3.3142691,21.368462
rect3826-4-6-5-4-3-6-96-4-77-3-56-0-2-8-6-4-8-1-2-4-26-2-3-30-3-9-1-2-78-0-2-1-4-2-7-7-4-80-7,31-3,360.15969708320404,405.5434379941952,86.57134300000001,176.57134299999825,3.3142691,21.368462
rect3826-4-6-5-4-3-6-96-4-77-3-56-0-2-8-6-4-8-1-2-4-26-2-3-30-3-9-1-2-78-0-2-1-4-2-7-7-4-80-4,31-4,384.38535056353777,403.57707746189334,86.57134300000001,176.5713430000015,3.3142691,21.368462
rect3826-4-6-5-4-3-6-96-4-77-3-56-0-2-8-6-4-8-1-2-4-26-2-3-30-3-9-1-2-78-0-2-1-4-2-7-7-4,30-5,381.6324306539733,348.676121199154,41.560755,131.56075499999952,3.3142691,21.368462
rect3826-4-6-5-4-3-6-96-4-77-3-56-0-2-8-6-4-8-1-2-4-26-2-3-30-3-9-1-2-78-0-2-1-4-2-7-7-4-9,30-4,364.17108156095907,367.2386156655297,44.274787,134.27478699999892,3.3142691,21.368462
rect3826-4-6-5-4-3-6-96-4-77-3-56-0-2-8-6-4-8-1-2-4-26-2-3-30-3-9-1-2-78-0-2-1-4-2-7-7-4-0,30-3,345.05801236409445,383.2055207338846,55.33272199999999,145.33272200000215,3.3142691,21.368462
rect3826-4-6-5-4-3-6-96-4-77-3-56-0-2-8-6-4-8-1-2-4-26-2-3-30-3-9-1-2-78-0-2-1-4-2-7-7-4-8,30-2,323.1133399038049,395.0823752556524,67.774899,157.7748990000007,3.3142691,21.368462
rect3826-4-6-5-4-3-6-96-4-77-3-56-0-2-8-6-4-8-1-2-4-26-2-3-30-3-9-1-2-78-0-2-1-4-2-7-7-4-90,30-1,299.28097715052843,403.26245517895205,74.380619,164.38061900000037,3.3142691,21.368462
rect3826-4-6-5-4-3-6-96-4-77-3-56-0-2-8-6-4-8-1-2-4-26-2-3-30-3-9-1-2-78-0-2-1-4-6,29-2,285.673752765794,363.30588795918163,5.422943900000007,95.42294390000046,3.3142691,21.368462
rect3826-4-6-5-4-3-6-96-4-77-3-56-0-2-8-6-4-8-1-2-4-26-2-3-30-3-9-1-2-78-0-2-1-4-3,29-1,282.5275473661286,389.65520295224445,5.6958372,95.69583720000367,3.3142691,21.368462
rect3826-4-6-5-4-3-6-96-4-77-3-56-0-2-8-6-4-8-1-2-4-26-2-3-30-3-9-1-2,28-3,364.4070453039303,337.3498462755281,-93.998213,-3.9982129999991685,3.3142691,21.368462
rect3826-4-6-5-4-3-6-96-4-77-3-56-0-2-8-6-4-8-1-2-4-26-2-3-30-3-9-1-2-0,28-2,339.15890107710806,339.63085369541596,-93.998213,-3.9982129999991685,3.3142691,21.368462
rect3826-4-6-5-4-3-6-96-4-77-3-56-0-2-8-6-4-8-1-2-4-26-2-3-30-3-9-1-2-7,28-1,314.4613440740914,341.51856402609246,-93.998213,-3.9982130000024085,3.3142691,21.368462
rect3826-4-6-5-4-3-6-96-4-77-3-56-0-2-8-6-4-8-1-2-4-26-2-3-30-3-9-1-2-78-0-2-1-4,27-2,293.4605577035611,299.516954334206,5.6958372,95.69583720000008,3.3142691,21.368462
rect3826-4-6-5-4-3-6-96-4-77-3-56-0-2-8-6-4-8-1-2-4-26-2-3-30-3-9-1-2-78-0-2-1-4-7,27-1,290.5503078492123,324.8437633881091,5.6958372,95.69583720000043,3.3142691,21.368462
rect3826-4-6-5-4-3-6-96-4-77-3-56-0-2-8-6-4-8-1-2-4-26-2-3-30-3-9-1-2-78,26-1,306.6745324546844,301.4833149953007,-35.32353899999998,54.67646099999794,3.3142691,21.368462
rect3826-4-6-5-4-3-6-96-4-77-3-56-0-2-8-6-4-8-1-2-4-26-2-3-30-3-9-1-2-78-0,26-2,325.78760302730177,317.4502092265527,-65.868958,24.13104200000285,3.3142691,21.368462
rect3826-4-6-5-4-3-6-96-4-77-3-56-0-2-8-6-4-8-1-2-4-26-2-3-30-3-9-1-2-78-0-2,26-3,349.6199849391583,325.1583612319586,-76.11783000000001,13.882169999999917,3.3142691,21.368462
rect3826-4-6-5-4-3-6-96-4-77-3-56-0-2-8-6-4-8-1-2-4-26-2-3-30-3-9-1-2-78-0-2-1,26-4,374.16022287589783,329.5630362676671,-83.634708,6.36529200000038,3.3142691,21.368462
rect3826-5-1-23-0-09-8-4-7,25-1-2,315.25521832366604,288.3248149760997,91.89267899999999,-178.107321000003,3.3142691,21.368462
rect3826-5-1-2-7-6-6-2-0-2,25-1-1,315.5198222881826,280.772023707293,91.89267899999999,-178.107321000003,3.3142691,21.368462
rect3826-5-1-23-0-09-8-4-8,25-2-2,340.21593941325773,289.0803326283763,90.71328,-179.28672000000134,3.3142691,21.368462
rect3826-5-1-2-7-6-6-2-0-1,25-2-1,340.3250386548442,281.52369522381696,90.71328,-179.28672000000134,3.3142691,21.368462
rect3826-5-1-23-0-09-8-4-5,25-3-2,365.6104415392155,288.3671771490868,82.59712200000001,172.5971220000016,3.3142691,21.368462
rect3826-5-1-2-7-6-6-2-0-0,25-3-1,364.65158884661327,280.8708265221424,82.59712200000001,172.5971219999983,3.3142691,21.368462
rect3826-5-1-23-0-09-8-4-2,25-4-2,390.28263342995245,283.0820117771979,70.715259,160.71525900000063,3.3142691,21.368462
rect3826-5-1-2-7-6-6-2-0-8,25-4-1,388.8019951577925,275.44313647072016,70.715259,160.7152589999987,3.3142691,21.368462
rect3826-4-6-5-4-3-6-96-4-77-3-56-0-2-8-6-4-8-1-2-4-4,24-1,310.9003836705525,265.2386405521444,50.73880600000001,140.73880600000155,3.3142691,21.368462
rect3826-4-6-5-4-3-6-96-4-77-3-56-0-2-8-6-4-8-1-2-4-45,24-2,331.33822603164987,252.02871242380445,62.41999899999999,152.41999899999917,3.3142691,21.368462
rect3826-4-6-5-4-3-6-96-4-77-3-56-0-2-8-6-4-8-1-2-4-23,24-3,355.0660605312771,243.6293702883648,76.08219700000001,166.08219699999916,3.3142691,21.368462
rect3826-4-6-5-4-3-6-96-4-77-3-56-0-2-8-6-4-8-1-2-4-26,24-4,378.67592141206075,238.820441191493,79.51559199999997,169.51559200000054,3.3142691,21.368462
rect3826-4-6-5-4-0-1-96,23-4,267.7970194698835,185.31668560554152,164.23807999999997,-105.7619200000006,3.3142691,21.368462
rect3826-4-6-5-4-0-1-96-2,23-3,275.0272624989247,209.51014183386704,164.23807999999997,-105.7619200000006,3.3142691,21.368462
rect3826-4-6-5-4-0-1-96-7,23-2,282.1462835039405,233.81488501727554,164.23807999999997,-105.7619200000006,3.3142691,21.368462
rect3826-4-6-5-4-0-1-96-4,23-1,289.3208941033072,257.89716282832273,164.23807999999997,-105.7619200000006,3.3142691,21.368462
rect3826-4-6-5-4-0-1-92,22-5,374.02597019046306,222.91391845132642,116.22818999999998,-153.7718099999982,3.3142691,21.368462
rect3826-4-6-5-4-0-1-9,22-4,351.5565881140903,212.2353994030258,116.22818999999998,-153.7718099999982,3.3142691,21.368462
rect3826-4-6-5-4-0-1-65,22-3,329.2540995364585,201.39004977532807,116.22818999999998,-153.77180999999817,3.3142691,21.368462
rect3826-4-6-5-4-0-1-6,22-2,307.2852835251819,190.822769562054,116.22818999999998,-153.77180999999965,3.3142691,21.368462
rect3826-4-6-5-4-0-1,22-1,285.05442749081635,179.77823930978093,116.22818999999998,-153.77180999999965,3.3142691,21.368462
rect3826-4-6-5-2-5-4-8,21-6,405.9760315990003,171.54580804951897,91.677052,-178.32294799999954,3.3142691,21.368462
rect3826-4-6-5-2-5-4-7,21-5,381.4751287647085,170.64127963703484,91.677052,-178.32294800000116,3.3142691,21.368462
rect3826-4-6-5-2-5-4,21-4,356.4624740304917,169.50312427335885,91.677052,-178.32294799999954,3.3142691,21.368462
rect3826-4-6-5-3-7-6,21-3,331.79124393600864,168.41624764783845,92.54431199999999,-177.45568799999998,3.3142691,21.368462
rect3826-4-6-5-5-7-1,21-2,306.79252575309715,166.98455245685955,92.54431199999999,-177.45568799999998,3.3142691,21.368462
rect3826-4-6-5-4-0,21-1,281.69345936784896,165.92272722787786,92.54431199999999,-177.45568799999998,3.3142691,21.368462
rect3826-4-6-5-4-3,20-4,334.93838938916343,98.49719957995796,-131.22198,-41.221979999999945,3.3142691,21.368462
rect3826-4-6-5-5-7-7,20-3,316.63432456551504,114.92502275954506,-131.22198,-41.221979999997814,3.3142691,21.368462
rect3826-4-6-5-3-7-1,20-2,297.8321246389349,131.51015257734895,-131.22198,-41.221979999999945,3.3142691,21.368462
rect3826-4-6-5-2-5-9,20-1,279.073505557153,148.39100033178238,-132.08924,-42.08923999999979,3.3142691,21.368462
rect3826-4-4,19-1,213.53772607398508,60.08681987259514,72.491243,162.49124299999988,3.3142691,21.368462
rect3826-4-6-3,19-2,238.27007255437303,53.55888402267811,77.33895100000001,167.33895100000007,3.3142691,21.368462
rect3826-4-6-4-8,19-3,263.24315816621515,51.59665592993784,91.95837699999998,-178.0416230000001,3.3142691,21.368462
rect3826-4-6-4-7-4,19-4,288.46023146322364,53.86847341914399,95.28522499999997,-174.71477500000006,3.3142691,21.368462
rect3826-4-6-4-7-8-0,19-5,312.92926168202763,60.346611934042286,114.22213999999997,-155.77785999999975,3.3142691,21.368462
rect3826-4-6-4-7-8-3-1,19-6,334.8623912987385,72.59293074471861,124.43459000000001,-145.56541000000087,3.3142691,21.368462
rect3826-4-6-5-4,18-1,208.28157588009566,84.90728043639236,144.21756000000005,-125.78244000000183,3.3142691,21.368462
rect3826-4-6-5-5-7,18-2,223.01366618140494,105.25564947792904,144.21756000000005,-125.7824400000005,3.3142691,21.368462
rect3826-4-6-5-3-7,18-3,237.77210801624653,126.1069652195051,144.21756000000005,-125.7824400000005,3.3142691,21.368462
rect3826-4-6-5-2-5,18-4,253.23501288934023,146.78606974545897,143.3503,-126.64969999999884,3.3142691,21.368462
rect3826-4-6-5-4-0-1-96-8,17-3,246.62167883594404,186.5688290008293,-148.28405000000004,-58.284050000000775,3.3142691,21.368462
rect3826-4-6-5-4-0-1-96-8-1,17-2,233.80099342007048,208.0022450009214,-148.77011,-58.77011000000013,3.3142691,21.368462
rect3826-4-6-5-4-0-1-96-8-1-6,17-1,220.62633357996805,229.9469126252162,-148.77011,-58.77011000000013,3.3142691,21.368462
rect3826-5-1-23-0-09-8,16-1-2,226.75537078411472,258.1950703914855,105.38911000000002,-164.61089000000237,3.3142691,21.368462
rect3826-5-1-2-7-6-6-2,16-1-1,228.77538118714088,250.91262036885811,105.38911000000002,-164.6108900000008,3.3142691,21.368462
rect3826-5-1-23-0-09-8-1,16-2-2,250.26870912422572,264.9310346902972,105.38911000000002,-164.61088999999924,3.3142691,21.368462
rect3826-5-1-2-7-6-6-2-7,16-2-1,252.2887098857933,257.6485820139411,105.38911000000002,-164.61088999999924,3.3142691,21.368462
rect3826-5-1-23-0-09-8-4,16-3-2,274.1103243527776,272.53233918300054,107.63713999999999,-162.36285999999802,3.3142691,21.368462
rect3826-5-1-2-7-6-6-2-0,16-3-1,277.03838498998556,264.71197626828683,105.38911000000002,-164.61088999999836,3.3142691,21.368462
rect3826-4-6-5-4-0-1-96-4-4,15-5,278.0861956005217,286.70692588446724,-116.01941,-26.019410000000477,3.3142691,21.368462
rect3826-4-6-5-4-0-1-96-4-4-0,15-4,256.5067558196012,299.1095194607799,-126.55233,-36.552330000003195,3.3142691,21.368462
rect3826-4-6-5-4-0-1-96-4-4-4,15-3,237.531692133574,316.143582822869,-140.40076,-50.40076000000113,3.3142691,21.368462
rect3826-4-6-5-4-0-1-96-4-4-5,15-2,222.9465021339734,336.4910516256195,-147.77045,-57.770449999998604,3.3142691,21.368462
rect3826-4-6-5-4-0-1-96-4-4-8,15-1,209.67704171087416,358.2862758528896,-150.27447,-60.2744699999993,3.3142691,21.368462
rect3826-4-6-5-4-0-1-96-4-4-09,14-3,268.787479567543,350.9122228700496,-111.49227,-21.492269999998854,3.3142691,21.368462
rect3826-4-6-5-4-0-1-96-4-4-3,14-2,244.97654387460426,359.64413536476064,-110.90158,-20.901579999998546,3.3142691,21.368462
rect3826-4-6-5-4-0-1-96-4-4-7,14-1,221.3566607500116,368.4086118037819,-110.61819,-20.61819000000048,3.3142691,21.368462
rect3826-4-6-5-4-0-1-96-4-4-7-2,13-1,217.32283341570113,382.0649751996615,-67.16755,22.832449999999,3.3142691,21.368462
rect3826-4-6-5-4-0-1-96-4-4-7-2-5,13-2,240.52597049879563,392.09348407162855,-67.16755,22.832450000002012,3.3142691,21.368462
rect3826-4-6-5-4-0-1-96-4-4-7-2-7,13-3,263.96502744417097,401.6893699147571,-67.16755,22.832449999999,3.3142691,21.368462
rect3826-4-6-4-7-8-3-9-6-7-4-5-4,12-1,133.47698634860797,364.8789836759737,-99.736498,-9.736498000001404,3.3142691,21.368462
rect3826-4-6-4-7-8-3-9-6-7-4-5-4-5,12-2,158.4104801484604,363.5418781077981,-86.113343,3.886656999999616,3.3142691,21.368462
rect3826-4-6-4-7-8-3-9-6-7-4-5-4-5-6,12-3,183.8159599820963,368.8903735346322,-73.75266,16.24733999999853,3.3142691,21.368462
rect3826-4-6-4-7-8-3-9-6-7-4,11-2,144.25265715327993,333.1811679016711,-99.409322,-9.409322000000344,3.3142691,21.368462
rect3826-4-6-4-7-8-3-9-6-7-4-5,11-1,122.8585549887458,349.0693929879155,-153.93636,-63.93636000000075,3.3142691,21.368462
rect3826-4-6-4-7-8-3-9,10-3,205.3945289785635,271.94045456468734,-176.00295,-86.00295000000064,3.3142691,21.368462
rect3826-4-6-4-7-8-3-9-6,10-2,196.95125531018198,296.5280799522604,-147.45213,-57.452129999999286,3.3142691,21.368462
rect3826-4-6-4-7-8-3-9-6-7,10-1,179.41128876150026,317.2142615138198,-132.72243,-42.722430000001566,3.3142691,21.368462
rect3826-5-1-23-0-09,9-3-2,138.7767009720241,272.15361490622473,74.57117499999998,164.57117499999868,3.3142691,21.368462
rect3826-5-1-2-7-6-6,9-3-1,136.7805930984813,264.86456663395313,74.57117499999998,164.57117499999868,3.3142691,21.368462
rect3826-5-1-23-0-09-2,9-2-2,114.18211268327967,278.7785168308366,74.57117499999998,164.57117500000163,3.3142691,21.368462
rect3826-5-1-2-7-6-6-7,9-2-1,112.18600650618632,271.48947846422294,74.57117499999998,164.57117500000163,3.3142691,21.368462
rect3826-5-1-23-0-09-7,9-1-2,88.85531097080298,285.7001409989055,74.57117499999998,164.57117500000163,3.3142691,21.368462
rect3826-5-1-2-7-6-6-0,9-1-1,86.8592030972602,278.41109272663397,74.57117499999998,164.57117499999868,3.3142691,21.368462
rect3826-5-1-23-0-09-6,9-4-2,163.02665032083397,265.3285682283345,74.57117499999998,164.57117499999868,3.3142691,21.368462
rect3826-5-1-2-7-6-6-1,9-4-1,161.03054510770232,258.0395295956798,74.57117499999998,164.57117499999868,3.3142691,21.368462
rect3826-5-1-23-0-09-4,9-5-2,186.54440013288755,259.11485827572994,74.57117499999998,164.57117499999868,3.3142691,21.368462
rect3826-5-1-2-7-6-6-13,9-5-1,184.54828743953635,251.82581133366392,74.57117499999998,164.5711749999998,3.3142691,21.368462
rect3826-4,8-1,101.3072018422169,152.27542603386414,99.73011200000002,-170.26988800000012,3.3142691,21.368462
rect3826-4-6,8-2,126.94859836660227,159.35434335044792,108.55680000000001,-161.44320000000073,3.3142691,21.368462
rect3826-4-6-4,8-3,150.38772347129515,170.75927690459054,124.71841999999998,-145.28158000000053,3.3142691,21.368462
rect3826-4-6-4-7,8-4,170.91658846396592,187.51269608754933,135.81471999999997,-134.18527999999947,3.3142691,21.368462
rect3826-4-6-4-7-8,8-5,187.51271215090776,207.4910080475667,144.45758999999998,-125.54241000000066,3.3142691,21.368462
rect3826-4-6-4-7-8-3,8-6,199.94015454013385,229.9862084227839,155.65244,-114.34755999999935,3.3142691,21.368462
rect3826-4-6-5,7-1,119.79105201138938,123.09454938847142,108.55680000000001,-161.4432000000002,3.3142691,21.368462
rect3826-4-6-5-5,7-2,143.6234160691337,131.03866862863404,108.55680000000001,-161.4432000000002,3.3142691,21.368462
rect3826-4-6-5-3,7-3,167.77038988065883,139.37606156807232,108.55680000000001,-161.4432000000002,3.3142691,21.368462
rect3826-4-6-5-2,7-4,192.3893295158511,147.16286107082647,107.68953999999997,-162.3104599999997,3.3142691,21.368462
rect3826-4-6-5-2-6,7-5,216.3789703347208,154.1631345354374,105.95434,-164.04565999999988,3.3142691,21.368462
rect3826-4-6-5-2-6-1,7-6,240.44729511695448,161.2420560020379,105.95434,-164.0456600000019,3.3142691,21.368462
rect3826-4-6-5-6,6-1,121.75741541338891,113.26271606926474,91.538903,-178.46109700000073,3.3142691,21.368462
rect3826-4-6-5-6-1,6-2,146.8482490299336,113.65597156991845,88.758577,178.7585770000003,3.3142691,21.368462
rect3826-4-6-5-6-1-9,6-3,170.0513845122729,104.76801374333127,48.649799,138.6497989999998,3.3142691,21.368462
rect3826-4-6-5-6-1-9-9,6-4,186.01826941110127,84.00317710434905,26.027905000000004,116.02790499999986,3.3142691,21.368462
rect3826-4-6-5-6-1-9-9-0,5-1,124.35301267858503,70.8678433667634,87.10960699999998,177.1096070000001,3.3142691,21.368462
rect3826-4-6-5-6-1-9-9-0-6,5-2,148.6573097944446,69.37340984482282,86.72393399999999,176.72393399999953,3.3142691,21.368462
rect3826-4-6-5-6-1-9-9-0-6-7,5-3,173.59084011310907,67.56435509713545,86.91011100000003,176.91011099999997,3.3142691,21.368462
rect3826-4-6-4-7-8-3-9-6-7-4-5-4-9,4-1,134.1487753018329,383.75896376506194,-50.558340000000015,39.44166000000183,3.3142691,21.368462
rect3826-4-6-4-7-8-3-9-6-7-4-5-4-9-4,4-2,154.50469910262004,398.44197195492643,-55.79975300000001,34.20024700000056,3.3142691,21.368462
rect3826-4-6-4-7-8-3-9-6-7-4-5-4-9-4-8,4-3,177.6970867751968,409.95468974054484,-68.720153,21.279847000001325,3.3142691,21.368462
rect3826-4-6-4-7-8-3-9-6-7-4-5-4-9-4-8-8,4-4,202.33553557324086,416.23948108591986,-82.744176,7.255824000002349,3.3142691,21.368462
rect3826-4-6-4-7-8-3-9-6-7-4-5-4-9-4-8-8-5,4-5,228.0863122880759,417.3518082618936,-94.008375,-4.008374999996988,3.3142691,21.368462
rect3826-4-6-4-7-8-3-9-6-7-4-5-4-9-4-8-8-5-1,4-6,253.50339889149853,413.7923139496645,-99.566991,-9.566990999999945,3.3142691,21.368462
rect3826-5-1-23-0-09-0,3-3-2,76.7867811423396,307.44628193948614,-19.814904000000013,70.18509599999993,3.3142691,21.368462
rect3826-5-1-2-7-6-6-4,3-3-1,69.67174721468571,309.9939773901926,-19.814904000000013,70.18509599999993,3.3142691,21.368462
rect3826-5-1-23-0-09-48,3-2-1,81.41191707304132,334.41279189733103,146.98468000000003,-123.01531999999949,3.3142691,21.368462
rect3826-5-1-2-7-6-6-03,3-2-2,87.75716907380507,330.3076369176496,146.98468000000003,-123.01532000000084,3.3142691,21.368462
rect3826-5-1-23-0-09-03,3-1-1,97.05322090131592,356.2538070122835,141.33567,-128.66433000000072,3.3142691,21.368462
rect3826-5-1-2-7-6-6-038,3-1-2,102.96357164543163,351.54398479804536,141.33567,-128.66433000000276,3.3142691,21.368462
rect3826,2-5-2,76.2234394093704,165.90623387951294,25.720538000000005,115.72053799999958,3.3142691,21.368462
rect3826-0,2-5-1,69.66060254908776,162.37454620450322,25.720538000000005,115.72053799999958,3.3142691,21.368462
rect3826-5,2-4-2,67.87023381134253,190.11360200346815,13.334236000000004,103.33423600000003,3.3142691,21.368462
rect3826-5-4,2-4-1,60.721405691976344,188.14194577931056,13.334236000000004,103.33423599999969,3.3142691,21.368462
rect3826-5-1,2-3-2,64.10355596056745,215.90705169523287,2.2721538000000123,92.27215380000018,3.3142691,21.368462
rect3826-5-1-2,2-3-1,56.552700811198534,215.59243183728864,2.2721538000000123,92.27215379999984,3.3142691,21.368462
rect3826-5-1-2-9,2-2-2,63.63162295664691,242.1777017272793,-0.9828774700000054,89.01712252999988,3.3142691,21.368462
rect3826-5-1-2-3,2-2-1,56.39538984528292,242.25635497690342,-1.879646799999989,88.1203532000003,3.3142691,21.368462
rect3826-5-1-23,2-1-2,66.35662823902366,268.3571628060285,-7.479827999999998,82.52017200000017,3.3142691,21.368462
rect3826-5-1-2-7,2-1-1,58.86158472024955,269.3260707236853,-7.479827999999998,82.52017200000017,3.3142691,21.368462
rect3826-5-1-23-0-09-8-4-2-1-2-2-2-4-4-4-1-3-2-2-4-3-9-55,1-1-2,93.376541915149,131.2196353686515,26.854111999999986,116.85411200000101,3.3142691,21.368462
rect3826-5-1-2-7-6-6-2-0-8-8-9-6-9-8-7-9-4-5-1-0-8-2-1-9,1-1-1,86.64089079261376,127.79239484446666,26.854111999999986,116.85411200000027,3.3142691,21.368462
rect3826-5-1-23-0-09-8-4-2-1-2-2-2-4-4-4-1-3-2-2-4-3-9-7,0-1-2,104.49624922559417,92.34499477006814,2.132802099999992,92.13280209999937,3.3142691,21.368462
rect3826-5-1-2-7-6-6-2-0-8-8-9-6-9-8-7-9-4-5-1-0-8-2-1-6,0-1-1,96.94461941670738,92.04873441913769,2.132802099999992,92.13280210000022,3.3142691,21.368462
